Category,Format,Stage,Team 1,Team 2,Score,Winner,Status,Notes
U-14 Boys Singles,roundRobinKnockout,Round Robin (Pool A),Prathamesh Lohar,Keshav Salunke,8-11,Keshav Salunke,COMPLETED,
U-14 Boys Singles,roundRobinKnockout,Round Robin (Pool A),Prathamesh Lohar,Jeevansh Agrawal,7-11,Jeevansh Agrawal,COMPLETED,
U-14 Boys Singles,roundRobinKnockout,Round Robin (Pool A),Keshav Salunke,Jeevansh Agrawal,0-11,Jeevansh Agrawal,COMPLETED,
U-14 Boys Singles,roundRobinKnockout,Round Robin (Pool B),Tavish Ruchandani,Aarav Surve,2-11,Aarav Surve,COMPLETED,
U-14 Boys Singles,roundRobinKnockout,Round Robin (Pool B),Viren Gadkari,Tavish Ruchandani,7-11,Tavish Ruchandani,COMPLETED,
U-14 Boys Singles,roundRobinKnockout,Round Robin (Pool B),Viren Gadkari,Aarav Surve,3-11,Aarav Surve,COMPLETED,
U-14 Boys Singles,roundRobinKnockout,Round Robin (Pool C),Needhish Patil,Ibrahim Poonawala,3-11,Ibrahim Poonawala,COMPLETED,
U-14 Boys Singles,roundRobinKnockout,Round Robin (Pool C),Harshit Chopra,Parth Dhumane,4-11,Parth Dhumane,COMPLETED,
U-14 Boys Singles,roundRobinKnockout,Round Robin (Pool C),Needhish Patil,Harshit Chopra,11-10,Needhish Patil,COMPLETED,
U-14 Boys Singles,roundRobinKnockout,Round Robin (Pool C),Ibrahim Poonawala,Parth Dhumane,11-5,Ibrahim Poonawala,COMPLETED,
U-14 Boys Singles,roundRobinKnockout,Round Robin (Pool C),Needhish Patil,Parth Dhumane,2-11,Parth Dhumane,COMPLETED,
U-14 Boys Singles,roundRobinKnockout,Round Robin (Pool C),Ibrahim Poonawala,Harshit Chopra,11-1,Ibrahim Poonawala,COMPLETED,
U-14 Boys Singles,roundRobinKnockout,Round Robin (Pool D),Laksh Jain,Ansh Goyal,2-11,Ansh Goyal,COMPLETED,
U-14 Boys Singles,roundRobinKnockout,Round Robin (Pool D),Laksh Jain,Arnav Khamkar,5-11,Arnav Khamkar,COMPLETED,
U-14 Boys Singles,roundRobinKnockout,Round Robin (Pool D),Ansh Goyal,Arnav Khamkar,5-11,Arnav Khamkar,COMPLETED,
U-14 Boys Singles,roundRobinKnockout,Quarter Finals,Jeevansh Agrawal,Ansh Goyal,3-11,Ansh Goyal,COMPLETED,
U-14 Boys Singles,roundRobinKnockout,Quarter Finals,Parth Dhumane,Aarav Surve,2-11,Aarav Surve,COMPLETED,
U-14 Boys Singles,roundRobinKnockout,Quarter Finals,Ibrahim Poonawala,Tavish Ruchandani,11-0,Ibrahim Poonawala,COMPLETED,
U-14 Boys Singles,roundRobinKnockout,Quarter Finals,Keshav Salunke,Arnav Khamkar,0-11,Arnav Khamkar,COMPLETED,
U-14 Boys Singles,roundRobinKnockout,Semi Finals,Ansh Goyal,Aarav Surve,1-11,Aarav Surve,COMPLETED,
U-14 Boys Singles,roundRobinKnockout,Semi Finals,Ibrahim Poonawala,Arnav Khamkar,7-11,Arnav Khamkar,COMPLETED,
U-14 Boys Singles,roundRobinKnockout,Finals,Aarav Surve,Arnav Khamkar,2-15,Arnav Khamkar,COMPLETED,
U-14 Boys Doubles,roundRobin,Round Robin (Pool A),Jeevansh Agrawal & Ansh Goyal,Ibrahim Poonawala & Tavish Ruchandani,11-4,Jeevansh Agrawal & Ansh Goyal,COMPLETED,
U-14 Boys Doubles,roundRobin,Round Robin (Pool A),Aarav Surve & Arnav Khamkar,Laksh Jain & Heet Patel,11-7,Aarav Surve & Arnav Khamkar,COMPLETED,
U-14 Boys Doubles,roundRobin,Round Robin (Pool A),Keshav Salunke & Parth Dhumane,Jeevansh Agrawal & Ansh Goyal,6-11,Jeevansh Agrawal & Ansh Goyal,COMPLETED,
U-14 Boys Doubles,roundRobin,Round Robin (Pool A),Ibrahim Poonawala & Tavish Ruchandani,Aarav Surve & Arnav Khamkar,2-11,Aarav Surve & Arnav Khamkar,COMPLETED,
U-14 Boys Doubles,roundRobin,Round Robin (Pool A),Keshav Salunke & Parth Dhumane,Laksh Jain & Heet Patel,3-11,Laksh Jain & Heet Patel,COMPLETED,
U-14 Boys Doubles,roundRobin,Round Robin (Pool A),Jeevansh Agrawal & Ansh Goyal,Aarav Surve & Arnav Khamkar,7-11,Aarav Surve & Arnav Khamkar,COMPLETED,
U-14 Boys Doubles,roundRobin,Round Robin (Pool A),Ibrahim Poonawala & Tavish Ruchandani,Laksh Jain & Heet Patel,11-3,Ibrahim Poonawala & Tavish Ruchandani,COMPLETED,
U-14 Boys Doubles,roundRobin,Round Robin (Pool A),Keshav Salunke & Parth Dhumane,Aarav Surve & Arnav Khamkar,2-11,Aarav Surve & Arnav Khamkar,COMPLETED,
U-14 Boys Doubles,roundRobin,Round Robin (Pool A),Jeevansh Agrawal & Ansh Goyal,Laksh Jain & Heet Patel,11-5,Jeevansh Agrawal & Ansh Goyal,COMPLETED,
U-14 Boys Doubles,roundRobin,Round Robin (Pool A),Keshav Salunke & Parth Dhumane,Ibrahim Poonawala & Tavish Ruchandani,4-11,Ibrahim Poonawala & Tavish Ruchandani,COMPLETED,
U-14 Girls Singles,roundRobinKnockout,Round Robin (Pool A),Varun Chopra,Sanchi Khillare,0-11,Sanchi Khillare,COMPLETED,Walkover
U-14 Girls Singles,roundRobinKnockout,Round Robin (Pool A),Aaradhya Satpute,Varun Chopra,11-0,Aaradhya Satpute,COMPLETED,Walkover
U-14 Girls Singles,roundRobinKnockout,Round Robin (Pool A),Aaradhya Satpute,Sanchi Khillare,8-11,Sanchi Khillare,COMPLETED,
U-14 Girls Singles,roundRobinKnockout,Round Robin (Pool B),Kanak,Kalash,11-9,Kanak,COMPLETED,
U-14 Girls Singles,roundRobinKnockout,Round Robin (Pool B),Tvisha Shah,Kalash,0-11,Kalash,COMPLETED,
U-14 Girls Singles,roundRobinKnockout,Round Robin (Pool B),Tvisha Shah,Kanak,8-11,Kanak,COMPLETED,
U-14 Girls Singles,roundRobinKnockout,Round Robin (Pool C),Arohi Jagdale,Rashida Lokhandwala,12-10,Arohi Jagdale,COMPLETED,
U-14 Girls Singles,roundRobinKnockout,Round Robin (Pool C),Demeera Gupta,Rashida Lokhandwala,11-9,Demeera Gupta,COMPLETED,
U-14 Girls Singles,roundRobinKnockout,Round Robin (Pool C),Demeera Gupta,Arohi Jagdale,1-11,Arohi Jagdale,COMPLETED,
U-14 Girls Singles,roundRobinKnockout,Round Robin (Pool D),Aadya Vinod,Kimayaa Bholane,11-8,Aadya Vinod,COMPLETED,
U-14 Girls Singles,roundRobinKnockout,Round Robin (Pool D),Mitali Amol Ghodke,Kimayaa Bholane,3-11,Kimayaa Bholane,COMPLETED,
U-14 Girls Singles,roundRobinKnockout,Round Robin (Pool D),Mitali Amol Ghodke,Aadya Vinod,2-11,Aadya Vinod,COMPLETED,
U-14 Girls Singles,roundRobinKnockout,Quarter Finals,Sanchi Khillare,Kimayaa Bholane,11-0,Sanchi Khillare,COMPLETED,
U-14 Girls Singles,roundRobinKnockout,Quarter Finals,Demeera Gupta,Kanak,11-8,Demeera Gupta,COMPLETED,
U-14 Girls Singles,roundRobinKnockout,Quarter Finals,Arohi Jagdale,Kalash,10-11,Kalash,COMPLETED,
U-14 Girls Singles,roundRobinKnockout,Quarter Finals,Aaradhya Satpute,Aadya Vinod,11-9,Aaradhya Satpute,COMPLETED,
U-14 Girls Singles,roundRobinKnockout,Semi Finals,Sanchi Khillare,Demeera Gupta,11-0,Sanchi Khillare,COMPLETED,
U-14 Girls Singles,roundRobinKnockout,Semi Finals,Kalash,Aaradhya Satpute,6-11,Aaradhya Satpute,COMPLETED,
U-14 Girls Singles,roundRobinKnockout,Finals,Sanchi Khillare,Aaradhya Satpute,12-15,Aaradhya Satpute,COMPLETED,
U-14 Girls Doubles,roundRobinKnockout,Round Robin (Pool A),Aadya Vinod & Aaradhya Satpute,Kimayaa Bholane & Arohi Jagdale,11-3,Aadya Vinod & Aaradhya Satpute,COMPLETED,
U-14 Girls Doubles,roundRobinKnockout,Round Robin (Pool A),Aadya Vinod & Aaradhya Satpute,Heer Patel & Mitali Ghodke,11-0,Aadya Vinod & Aaradhya Satpute,COMPLETED,
U-14 Girls Doubles,roundRobinKnockout,Round Robin (Pool A),Kimayaa Bholane & Arohi Jagdale,Heer Patel & Mitali Ghodke,11-8,Kimayaa Bholane & Arohi Jagdale,COMPLETED,
U-14 Girls Doubles,roundRobinKnockout,Round Robin (Pool B),Sanchi Khillare & Shivannya Pardeshi,Aishwarya & Kalash,11-2,Sanchi Khillare & Shivannya Pardeshi,COMPLETED,
U-14 Girls Doubles,roundRobinKnockout,Round Robin (Pool B),Sanchi Khillare & Shivannya Pardeshi,Rashida Lokhandwala & Tvisha Shah,11-1,Sanchi Khillare & Shivannya Pardeshi,COMPLETED,
U-14 Girls Doubles,roundRobinKnockout,Round Robin (Pool B),Aishwarya & Kalash,Rashida Lokhandwala & Tvisha Shah,11-0,Aishwarya & Kalash,COMPLETED,
U-14 Girls Doubles,roundRobinKnockout,Semi Finals,Aadya Vinod & Aaradhya Satpute,Aishwarya & Kalash,11-3,Aadya Vinod & Aaradhya Satpute,COMPLETED,
U-14 Girls Doubles,roundRobinKnockout,Semi Finals,Sanchi Khillare & Shivannya Pardeshi,Kimayaa Bholane & Arohi Jagdale,11-2,Sanchi Khillare & Shivannya Pardeshi,COMPLETED,
U-14 Girls Doubles,roundRobinKnockout,Finals,Aadya Vinod & Aaradhya Satpute,Sanchi Khillare & Shivannya Pardeshi,15-5,Aadya Vinod & Aaradhya Satpute,COMPLETED,
U-14 Mixed Doubles,roundRobinKnockout,Round Robin (Pool A),Aadya Vinod & Arnav Khamkar,Kanak & Vihan,11-2,Aadya Vinod & Arnav Khamkar,COMPLETED,
U-14 Mixed Doubles,roundRobinKnockout,Round Robin (Pool A),Sanchi Khillare & Heet Patel,Kalash & Harsh,11-5,Sanchi Khillare & Heet Patel,COMPLETED,
U-14 Mixed Doubles,roundRobinKnockout,Round Robin (Pool A),Tavish Ruchandani & Rashida Lokhandwala,Aadya Vinod & Arnav Khamkar,0-11,Aadya Vinod & Arnav Khamkar,COMPLETED,
U-14 Mixed Doubles,roundRobinKnockout,Round Robin (Pool A),Kanak & Vihan,Kalash & Harsh,9-11,Kalash & Harsh,COMPLETED,
U-14 Mixed Doubles,roundRobinKnockout,Round Robin (Pool A),Tavish Ruchandani & Rashida Lokhandwala,Sanchi Khillare & Heet Patel,0-11,Sanchi Khillare & Heet Patel,COMPLETED,
U-14 Mixed Doubles,roundRobinKnockout,Round Robin (Pool A),Aadya Vinod & Arnav Khamkar,Kalash & Harsh,11-3,Aadya Vinod & Arnav Khamkar,COMPLETED,
U-14 Mixed Doubles,roundRobinKnockout,Round Robin (Pool A),Sanchi Khillare & Heet Patel,Kanak & Vihan,11-2,Sanchi Khillare & Heet Patel,COMPLETED,
U-14 Mixed Doubles,roundRobinKnockout,Round Robin (Pool A),Tavish Ruchandani & Rashida Lokhandwala,Kalash & Harsh,5-11,Kalash & Harsh,COMPLETED,
U-14 Mixed Doubles,roundRobinKnockout,Round Robin (Pool A),Sanchi Khillare & Heet Patel,Aadya Vinod & Arnav Khamkar,0-11,Aadya Vinod & Arnav Khamkar,COMPLETED,
U-14 Mixed Doubles,roundRobinKnockout,Round Robin (Pool A),Tavish Ruchandani & Rashida Lokhandwala,Kanak & Vihan,7-11,Kanak & Vihan,COMPLETED,
U-14 Mixed Doubles,roundRobinKnockout,Round Robin (Pool B),Viren Gadkari & Tvisha Shah,Laksh Jain & Kimayaa Bholane,3-11,Laksh Jain & Kimayaa Bholane,COMPLETED,
U-14 Mixed Doubles,roundRobinKnockout,Round Robin (Pool B),Aishwarya & Jivaansh,Aarav Surve & Aaradhya Satpute,5-11,Aarav Surve & Aaradhya Satpute,COMPLETED,
U-14 Mixed Doubles,roundRobinKnockout,Round Robin (Pool B),Ibrahim Poonawala & Demeera Gupta,Viren Gadkari & Tvisha Shah,11-1,Ibrahim Poonawala & Demeera Gupta,COMPLETED,
U-14 Mixed Doubles,roundRobinKnockout,Round Robin (Pool B),Aarav Surve & Aaradhya Satpute,Laksh Jain & Kimayaa Bholane,11-2,Aarav Surve & Aaradhya Satpute,COMPLETED,
U-14 Mixed Doubles,roundRobinKnockout,Round Robin (Pool B),Ibrahim Poonawala & Demeera Gupta,Aishwarya & Jivaansh,11-1,Ibrahim Poonawala & Demeera Gupta,COMPLETED,
U-14 Mixed Doubles,roundRobinKnockout,Round Robin (Pool B),Aarav Surve & Aaradhya Satpute,Viren Gadkari & Tvisha Shah,11-1,Aarav Surve & Aaradhya Satpute,COMPLETED,
U-14 Mixed Doubles,roundRobinKnockout,Round Robin (Pool B),Aishwarya & Jivaansh,Laksh Jain & Kimayaa Bholane,11-3,Aishwarya & Jivaansh,COMPLETED,
U-14 Mixed Doubles,roundRobinKnockout,Round Robin (Pool B),Ibrahim Poonawala & Demeera Gupta,Aarav Surve & Aaradhya Satpute,1-10,Aarav Surve & Aaradhya Satpute,COMPLETED,
U-14 Mixed Doubles,roundRobinKnockout,Round Robin (Pool B),Aishwarya & Jivaansh,Viren Gadkari & Tvisha Shah,11-6,Aishwarya & Jivaansh,COMPLETED,
U-14 Mixed Doubles,roundRobinKnockout,Round Robin (Pool B),Ibrahim Poonawala & Demeera Gupta,Laksh Jain & Kimayaa Bholane,11-3,Ibrahim Poonawala & Demeera Gupta,COMPLETED,
U-14 Mixed Doubles,roundRobinKnockout,Semi Finals,Aadya Vinod & Arnav Khamkar,Ibrahim Poonawala & Demeera Gupta,11-0,Aadya Vinod & Arnav Khamkar,COMPLETED,
U-14 Mixed Doubles,roundRobinKnockout,Semi Finals,Aarav Surve & Aaradhya Satpute,Sanchi Khillare & Heet Patel,11-5,Aarav Surve & Aaradhya Satpute,COMPLETED,
U-14 Mixed Doubles,roundRobinKnockout,Finals,Aadya Vinod & Arnav Khamkar,Aarav Surve & Aaradhya Satpute,8-15,Aarav Surve & Aaradhya Satpute,COMPLETED,
U-12 Boys Singles,roundRobinKnockout,Round Robin (Pool A),Tavish Ruchandani,Prathamesh Lohar,10-11,Prathamesh Lohar,COMPLETED,
U-12 Boys Singles,roundRobinKnockout,Round Robin (Pool A),Vishwajeet Phalke,Heet Patel,8-11,Heet Patel,COMPLETED,
U-12 Boys Singles,roundRobinKnockout,Round Robin (Pool A),Tavish Ruchandani,Vishwajeet Phalke,11-3,Tavish Ruchandani,COMPLETED,
U-12 Boys Singles,roundRobinKnockout,Round Robin (Pool A),Prathamesh Lohar,Heet Patel,5-11,Heet Patel,COMPLETED,
U-12 Boys Singles,roundRobinKnockout,Round Robin (Pool A),Tavish Ruchandani,Heet Patel,10-11,Heet Patel,COMPLETED,
U-12 Boys Singles,roundRobinKnockout,Round Robin (Pool A),Prathamesh Lohar,Vishwajeet Phalke,11-3,Prathamesh Lohar,COMPLETED,
U-12 Boys Singles,roundRobinKnockout,Round Robin (Pool B),Parth Dhumane,Kartikeya Verma,11-1,Parth Dhumane,COMPLETED,
U-12 Boys Singles,roundRobinKnockout,Round Robin (Pool B),Aarav Pandit,Needhish Patil,0-11,Needhish Patil,COMPLETED,
U-12 Boys Singles,roundRobinKnockout,Round Robin (Pool B),Parth Dhumane,Aarav Pandit,11-0,Parth Dhumane,COMPLETED,
U-12 Boys Singles,roundRobinKnockout,Round Robin (Pool B),Kartikeya Verma,Needhish Patil,2-11,Needhish Patil,COMPLETED,
U-12 Boys Singles,roundRobinKnockout,Round Robin (Pool B),Parth Dhumane,Needhish Patil,6-11,Needhish Patil,COMPLETED,
U-12 Boys Singles,roundRobinKnockout,Round Robin (Pool B),Kartikeya Verma,Aarav Pandit,11-4,Kartikeya Verma,COMPLETED,
U-12 Boys Singles,roundRobinKnockout,Semi Finals,Heet Patel,Parth Dhumane,0-11,Parth Dhumane,COMPLETED,
U-12 Boys Singles,roundRobinKnockout,Semi Finals,Needhish Patil,Prathamesh Lohar,11-1,Needhish Patil,COMPLETED,
U-12 Boys Singles,roundRobinKnockout,Finals,Parth Dhumane,Needhish Patil,15-7,Parth Dhumane,COMPLETED,
U-18 Boys Singles,roundRobinKnockout,Round Robin (Pool A),Parth Vijayvargiya,Mokssh Mehta,11-6,Parth Vijayvargiya,COMPLETED,
U-18 Boys Singles,roundRobinKnockout,Round Robin (Pool A),Bhuvan,Suyash Bamboriya,0-11,Suyash Bamboriya,COMPLETED,
U-18 Boys Singles,roundRobinKnockout,Round Robin (Pool A),Parth Vijayvargiya,Suyash Bamboriya,11-3,Parth Vijayvargiya,COMPLETED,
U-18 Boys Singles,roundRobinKnockout,Round Robin (Pool A),Bhuvan,Mokssh Mehta,1-11,Mokssh Mehta,COMPLETED,
U-18 Boys Singles,roundRobinKnockout,Round Robin (Pool A),Mokssh Mehta,Suyash Bamboriya,5-11,Suyash Bamboriya,COMPLETED,
U-18 Boys Singles,roundRobinKnockout,Round Robin (Pool A),Bhuvan,Parth Vijayvargiya,5-11,Parth Vijayvargiya,COMPLETED,
U-18 Boys Singles,roundRobinKnockout,Round Robin (Pool B),Sahaj Agrawal,Shlok Bayes,11-10,Sahaj Agrawal,COMPLETED,
U-18 Boys Singles,roundRobinKnockout,Round Robin (Pool B),Aarav Mandal,Laksh Khillare,11-2,Aarav Mandal,COMPLETED,
U-18 Boys Singles,roundRobinKnockout,Round Robin (Pool B),Sahaj Agrawal,Laksh Khillare,11-0,Sahaj Agrawal,COMPLETED,
U-18 Boys Singles,roundRobinKnockout,Round Robin (Pool B),Aarav Mandal,Shlok Bayes,11-2,Aarav Mandal,COMPLETED,
U-18 Boys Singles,roundRobinKnockout,Round Robin (Pool B),Shlok Bayes,Laksh Khillare,10-11,Laksh Khillare,COMPLETED,
U-18 Boys Singles,roundRobinKnockout,Round Robin (Pool B),Aarav Mandal,Sahaj Agrawal,9-11,Sahaj Agrawal,COMPLETED,
U-18 Boys Singles,roundRobinKnockout,Round Robin (Pool C),Harikesh Sanghai,Jay Agrawal,1-11,Jay Agrawal,COMPLETED,
U-18 Boys Singles,roundRobinKnockout,Round Robin (Pool C),Ansh Goyal,Kartik Modi,11-5,Ansh Goyal,COMPLETED,
U-18 Boys Singles,roundRobinKnockout,Round Robin (Pool C),Piyush Gaikwad,Harikesh Sanghai,11-3,Piyush Gaikwad,COMPLETED,
U-18 Boys Singles,roundRobinKnockout,Round Robin (Pool C),Jay Agrawal,Ansh Goyal,11-5,Jay Agrawal,COMPLETED,
U-18 Boys Singles,roundRobinKnockout,Round Robin (Pool C),Piyush Gaikwad,Kartik Modi,11-2,Piyush Gaikwad,COMPLETED,
U-18 Boys Singles,roundRobinKnockout,Round Robin (Pool C),Harikesh Sanghai,Ansh Goyal,11-10,Harikesh Sanghai,COMPLETED,
U-18 Boys Singles,roundRobinKnockout,Round Robin (Pool C),Jay Agrawal,Kartik Modi,11-3,Jay Agrawal,COMPLETED,
U-18 Boys Singles,roundRobinKnockout,Round Robin (Pool C),Piyush Gaikwad,Ansh Goyal,11-4,Piyush Gaikwad,COMPLETED,
U-18 Boys Singles,roundRobinKnockout,Round Robin (Pool C),Harikesh Sanghai,Kartik Modi,11-3,Harikesh Sanghai,COMPLETED,
U-18 Boys Singles,roundRobinKnockout,Round Robin (Pool C),Piyush Gaikwad,Jay Agrawal,4-11,Jay Agrawal,COMPLETED,
U-18 Boys Singles,roundRobinKnockout,Round Robin (Pool D),Atharva Dandge,Aadit Palresha,9-11,Aadit Palresha,COMPLETED,
U-18 Boys Singles,roundRobinKnockout,Round Robin (Pool D),Dhanush Thakur,Somya Agrawal,3-11,Somya Agrawal,COMPLETED,
U-18 Boys Singles,roundRobinKnockout,Round Robin (Pool D),Shreyas Rajaram,Atharva Dandge,11-0,Shreyas Rajaram,COMPLETED,
U-18 Boys Singles,roundRobinKnockout,Round Robin (Pool D),Aadit Palresha,Dhanush Thakur,3-11,Dhanush Thakur,COMPLETED,
U-18 Boys Singles,roundRobinKnockout,Round Robin (Pool D),Shreyas Rajaram,Somya Agrawal,11-1,Shreyas Rajaram,COMPLETED,
U-18 Boys Singles,roundRobinKnockout,Round Robin (Pool D),Atharva Dandge,Dhanush Thakur,11-7,Atharva Dandge,COMPLETED,
U-18 Boys Singles,roundRobinKnockout,Round Robin (Pool D),Aadit Palresha,Somya Agrawal,3-11,Somya Agrawal,COMPLETED,
U-18 Boys Singles,roundRobinKnockout,Round Robin (Pool D),Shreyas Rajaram,Dhanush Thakur,11-1,Shreyas Rajaram,COMPLETED,
U-18 Boys Singles,roundRobinKnockout,Round Robin (Pool D),Atharva Dandge,Somya Agrawal,2-11,Somya Agrawal,COMPLETED,
U-18 Boys Singles,roundRobinKnockout,Round Robin (Pool D),Shreyas Rajaram,Aadit Palresha,11-2,Shreyas Rajaram,COMPLETED,
U-18 Boys Singles,roundRobinKnockout,Quarter Finals,Parth Vijayvargiya,Somya Agrawal,11-2,Parth Vijayvargiya,COMPLETED,
U-18 Boys Singles,roundRobinKnockout,Quarter Finals,Piyush Gaikwad,Sahaj Agrawal,11-2,Piyush Gaikwad,COMPLETED,
U-18 Boys Singles,roundRobinKnockout,Quarter Finals,Jay Agrawal,Aarav Mandal,11-3,Jay Agrawal,COMPLETED,
U-18 Boys Singles,roundRobinKnockout,Quarter Finals,Suyash Bamboriya,Shreyas Rajaram,4-11,Shreyas Rajaram,COMPLETED,
U-18 Boys Singles,roundRobinKnockout,Semi Finals,Parth Vijayvargiya,Piyush Gaikwad,7-11,Piyush Gaikwad,COMPLETED,
U-18 Boys Singles,roundRobinKnockout,Semi Finals,Jay Agrawal,Shreyas Rajaram,11-8,Jay Agrawal,COMPLETED,
U-18 Boys Singles,roundRobinKnockout,Finals,Piyush Gaikwad,Jay Agrawal,,,READY,
U-12 Boys Doubles,roundRobin,Round Robin (Pool A),Needhish Patil & Prathamesh Lohar,Heet Patel & Vishwajeet Phalke,11-8,Needhish Patil & Prathamesh Lohar,COMPLETED,
U-12 Boys Doubles,roundRobin,Round Robin (Pool A),Parth Dhumane & Tavish Ruchandani,Needhish Patil & Prathamesh Lohar,11-8,Parth Dhumane & Tavish Ruchandani,COMPLETED,
U-12 Boys Doubles,roundRobin,Round Robin (Pool A),Parth Dhumane & Tavish Ruchandani,Heet Patel & Vishwajeet Phalke,11-5,Parth Dhumane & Tavish Ruchandani,COMPLETED,
U-18 Boys Doubles,roundRobinKnockout,Round Robin (Pool A),Sahaj Agrawal & Suyash Bamboriya,Somya Agrawal & Kartik Modi,12-10,Sahaj Agrawal & Suyash Bamboriya,COMPLETED,
U-18 Boys Doubles,roundRobinKnockout,Round Robin (Pool A),Shreyas Rajaram & Piyush Gaikwad,Yugal Patil & Aakash Jain,11-5,Shreyas Rajaram & Piyush Gaikwad,COMPLETED,
U-18 Boys Doubles,roundRobinKnockout,Round Robin (Pool A),Sahaj Agrawal & Suyash Bamboriya,Shreyas Rajaram & Piyush Gaikwad,5-11,Shreyas Rajaram & Piyush Gaikwad,COMPLETED,
U-18 Boys Doubles,roundRobinKnockout,Round Robin (Pool A),Somya Agrawal & Kartik Modi,Yugal Patil & Aakash Jain,11-5,Somya Agrawal & Kartik Modi,COMPLETED,
U-18 Boys Doubles,roundRobinKnockout,Round Robin (Pool A),Sahaj Agrawal & Suyash Bamboriya,Yugal Patil & Aakash Jain,11-8,Sahaj Agrawal & Suyash Bamboriya,COMPLETED,
U-18 Boys Doubles,roundRobinKnockout,Round Robin (Pool A),Somya Agrawal & Kartik Modi,Shreyas Rajaram & Piyush Gaikwad,0-11,Shreyas Rajaram & Piyush Gaikwad,COMPLETED,
U-18 Boys Doubles,roundRobinKnockout,Round Robin (Pool B),Aarav Mandal & Aadit Palresha,Harikesh Sanghai & Shlok Bayes,11-3,Aarav Mandal & Aadit Palresha,COMPLETED,
U-18 Boys Doubles,roundRobinKnockout,Round Robin (Pool B),Laksh Khillare & Dhanush Thakur,Jay Agrawal & Parth Vijayvargiya,3-11,Jay Agrawal & Parth Vijayvargiya,COMPLETED,
U-18 Boys Doubles,roundRobinKnockout,Round Robin (Pool B),Aarav Mandal & Aadit Palresha,Laksh Khillare & Dhanush Thakur,11-7,Aarav Mandal & Aadit Palresha,COMPLETED,
U-18 Boys Doubles,roundRobinKnockout,Round Robin (Pool B),Harikesh Sanghai & Shlok Bayes,Jay Agrawal & Parth Vijayvargiya,1-11,Jay Agrawal & Parth Vijayvargiya,COMPLETED,
U-18 Boys Doubles,roundRobinKnockout,Round Robin (Pool B),Aarav Mandal & Aadit Palresha,Jay Agrawal & Parth Vijayvargiya,2-11,Jay Agrawal & Parth Vijayvargiya,COMPLETED,
U-18 Boys Doubles,roundRobinKnockout,Round Robin (Pool B),Harikesh Sanghai & Shlok Bayes,Laksh Khillare & Dhanush Thakur,11-4,Harikesh Sanghai & Shlok Bayes,COMPLETED,
U-18 Boys Doubles,roundRobinKnockout,Semi Finals,Shreyas Rajaram & Piyush Gaikwad,Aarav Mandal & Aadit Palresha,11-0,Shreyas Rajaram & Piyush Gaikwad,COMPLETED,
U-18 Boys Doubles,roundRobinKnockout,Semi Finals,Jay Agrawal & Parth Vijayvargiya,Sahaj Agrawal & Suyash Bamboriya,11-9,Jay Agrawal & Parth Vijayvargiya,COMPLETED,
U-18 Boys Doubles,roundRobinKnockout,Finals,Shreyas Rajaram & Piyush Gaikwad,Jay Agrawal & Parth Vijayvargiya,2-15,Jay Agrawal & Parth Vijayvargiya,COMPLETED,
U-12 Girls Singles,roundRobin,Round Robin (Pool A),Shivannya Pardeshi,Heer Patel,11-5,Shivannya Pardeshi,COMPLETED,
U-12 Girls Singles,roundRobin,Round Robin (Pool A),Swara Sonawane,Navya Bhise,8-11,Navya Bhise,COMPLETED,
U-12 Girls Singles,roundRobin,Round Robin (Pool A),Shivannya Pardeshi,Navya Bhise,11-6,Shivannya Pardeshi,COMPLETED,
U-12 Girls Singles,roundRobin,Round Robin (Pool A),Swara Sonawane,Heer Patel,7-11,Heer Patel,COMPLETED,
U-12 Girls Singles,roundRobin,Round Robin (Pool A),Heer Patel,Navya Bhise,4-11,Navya Bhise,COMPLETED,
U-12 Girls Singles,roundRobin,Round Robin (Pool A),Swara Sonawane,Shivannya Pardeshi,5-11,Shivannya Pardeshi,COMPLETED,
U-18 Girls Singles,roundRobinKnockout,Round Robin (Pool A),Riddhima Gungewad,Anjali,2-11,Anjali,COMPLETED,
U-18 Girls Singles,roundRobinKnockout,Round Robin (Pool A),Aaradhya Satpute,Laxmi Zambre,0-11,Laxmi Zambre,COMPLETED,
U-18 Girls Singles,roundRobinKnockout,Round Robin (Pool A),Nikita,Riddhima Gungewad,11-5,Nikita,COMPLETED,
U-18 Girls Singles,roundRobinKnockout,Round Robin (Pool A),Anjali,Aaradhya Satpute,11-0,Anjali,COMPLETED,
U-18 Girls Singles,roundRobinKnockout,Round Robin (Pool A),Nikita,Laxmi Zambre,10-11,Laxmi Zambre,COMPLETED,
U-18 Girls Singles,roundRobinKnockout,Round Robin (Pool A),Riddhima Gungewad,Aaradhya Satpute,11-0,Riddhima Gungewad,COMPLETED,
U-18 Girls Singles,roundRobinKnockout,Round Robin (Pool A),Anjali,Laxmi Zambre,11-4,Anjali,COMPLETED,
U-18 Girls Singles,roundRobinKnockout,Round Robin (Pool A),Nikita,Aaradhya Satpute,11-0,Nikita,COMPLETED,
U-18 Girls Singles,roundRobinKnockout,Round Robin (Pool A),Riddhima Gungewad,Laxmi Zambre,9-11,Laxmi Zambre,COMPLETED,
U-18 Girls Singles,roundRobinKnockout,Round Robin (Pool A),Nikita,Anjali,3-11,Anjali,COMPLETED,
U-18 Girls Singles,roundRobinKnockout,Round Robin (Pool B),Kashish,Sarrah Hakim,11-4,Kashish,COMPLETED,
U-18 Girls Singles,roundRobinKnockout,Round Robin (Pool B),Kavya Nandardhane,Sasha Salvi,11-9,Kavya Nandardhane,COMPLETED,
U-18 Girls Singles,roundRobinKnockout,Round Robin (Pool B),Jinisha,Kashish,11-7,Jinisha,COMPLETED,
U-18 Girls Singles,roundRobinKnockout,Round Robin (Pool B),Sarrah Hakim,Kavya Nandardhane,10-11,Kavya Nandardhane,COMPLETED,
U-18 Girls Singles,roundRobinKnockout,Round Robin (Pool B),Jinisha,Sasha Salvi,11-4,Jinisha,COMPLETED,
U-18 Girls Singles,roundRobinKnockout,Round Robin (Pool B),Kashish,Kavya Nandardhane,7-11,Kavya Nandardhane,COMPLETED,
U-18 Girls Singles,roundRobinKnockout,Round Robin (Pool B),Sarrah Hakim,Sasha Salvi,0-11,Sasha Salvi,COMPLETED,Walkover
U-18 Girls Singles,roundRobinKnockout,Round Robin (Pool B),Jinisha,Kavya Nandardhane,1-11,Kavya Nandardhane,COMPLETED,
U-18 Girls Singles,roundRobinKnockout,Round Robin (Pool B),Kashish,Sasha Salvi,3-11,Sasha Salvi,COMPLETED,
U-18 Girls Singles,roundRobinKnockout,Round Robin (Pool B),Jinisha,Sarrah Hakim,11-1,Jinisha,COMPLETED,
U-18 Girls Singles,roundRobinKnockout,Semi Finals,Anjali,Jinisha,11-2,Anjali,COMPLETED,
U-18 Girls Singles,roundRobinKnockout,Semi Finals,Kavya Nandardhane,Laxmi Zambre,11-7,Kavya Nandardhane,COMPLETED,
U-18 Girls Singles,roundRobinKnockout,Finals,Anjali,Kavya Nandardhane,17-15,Anjali,COMPLETED,
U-18 Girls Doubles,roundRobinKnockout,Round Robin (Pool A),Anjali & Jinisha,Kalash & Nikita,11-0,Anjali & Jinisha,COMPLETED,
U-18 Girls Doubles,roundRobinKnockout,Round Robin (Pool A),Anjali & Jinisha,Riddhima Gungewad & Laxmi Zambre,11-0,Anjali & Jinisha,COMPLETED,
U-18 Girls Doubles,roundRobinKnockout,Round Robin (Pool A),Kalash & Nikita,Riddhima Gungewad & Laxmi Zambre,11-7,Kalash & Nikita,COMPLETED,
U-18 Girls Doubles,roundRobinKnockout,Round Robin (Pool B),Aaradhya Satpute & Aadya Vinod,Demeera Gupta & Sarrah Hakim,11-0,Aaradhya Satpute & Aadya Vinod,COMPLETED,
U-18 Girls Doubles,roundRobinKnockout,Round Robin (Pool B),Aaradhya Satpute & Aadya Vinod,Kashish & Kanak,11-8,Aaradhya Satpute & Aadya Vinod,COMPLETED,
U-18 Girls Doubles,roundRobinKnockout,Round Robin (Pool B),Demeera Gupta & Sarrah Hakim,Kashish & Kanak,6-11,Kashish & Kanak,COMPLETED,
U-18 Girls Doubles,roundRobinKnockout,Semi Finals,Anjali & Jinisha,Kashish & Kanak,11-2,Anjali & Jinisha,COMPLETED,
U-18 Girls Doubles,roundRobinKnockout,Semi Finals,Aaradhya Satpute & Aadya Vinod,Kalash & Nikita,11-5,Aaradhya Satpute & Aadya Vinod,COMPLETED,
U-18 Girls Doubles,roundRobinKnockout,Finals,Anjali & Jinisha,Aaradhya Satpute & Aadya Vinod,15-12,,READY,
U-12 Mixed Doubles,roundRobin,Round Robin (Pool A),Heer Patel & Heet Patel,Shivannya Pardeshi & Vishwajeet Phalke,11-5,Heer Patel & Heet Patel,COMPLETED,
U-12 Mixed Doubles,roundRobin,Round Robin (Pool A),Swara Sonawane & Harsh,Heer Patel & Heet Patel,8-11,Heer Patel & Heet Patel,COMPLETED,
U-12 Mixed Doubles,roundRobin,Round Robin (Pool A),Swara Sonawane & Harsh,Shivannya Pardeshi & Vishwajeet Phalke,2-11,Shivannya Pardeshi & Vishwajeet Phalke,COMPLETED,
U-18 Mixed Doubles,roundRobinKnockout,Round Robin (Pool A),Kashish & Aaksh,Jinisha & Shryesh,3-11,Jinisha & Shryesh,COMPLETED,
U-18 Mixed Doubles,roundRobinKnockout,Round Robin (Pool A),Sasha Salvi & Dhanush Thakur,Kashish & Aaksh,11-10,Sasha Salvi & Dhanush Thakur,COMPLETED,
U-18 Mixed Doubles,roundRobinKnockout,Round Robin (Pool A),Sasha Salvi & Dhanush Thakur,Jinisha & Shryesh,4-11,Jinisha & Shryesh,COMPLETED,
U-18 Mixed Doubles,roundRobinKnockout,Round Robin (Pool B),Riddhima Gungewad & Bhuvan Gewad,Laxmi Zambre & Atharv Dandage,4-11,Laxmi Zambre & Atharv Dandage,COMPLETED,
U-18 Mixed Doubles,roundRobinKnockout,Round Robin (Pool B),Aarav & Sarrah,Anjali & Jay Agrawal,6-11,Anjali & Jay Agrawal,COMPLETED,
U-18 Mixed Doubles,roundRobinKnockout,Round Robin (Pool B),Anjali & Jay Agrawal,Riddhima Gungewad & Bhuvan Gewad,11-7,Anjali & Jay Agrawal,COMPLETED,
U-18 Mixed Doubles,roundRobinKnockout,Round Robin (Pool B),Aarav & Sarrah,Laxmi Zambre & Atharv Dandage,11-1,Aarav & Sarrah,COMPLETED,
U-18 Mixed Doubles,roundRobinKnockout,Round Robin (Pool B),Anjali & Jay Agrawal,Laxmi Zambre & Atharv Dandage,11-6,Anjali & Jay Agrawal,COMPLETED,
U-18 Mixed Doubles,roundRobinKnockout,Round Robin (Pool B),Aarav & Sarrah,Riddhima Gungewad & Bhuvan Gewad,11-2,Aarav & Sarrah,COMPLETED,
U-18 Mixed Doubles,roundRobinKnockout,Semi Finals,Jinisha & Shryesh,Aarav & Sarrah,,,READY,
U-18 Mixed Doubles,roundRobinKnockout,Semi Finals,Anjali & Jay Agrawal,Sasha Salvi & Dhanush Thakur,,,READY,
Open Men's Doubles,roundRobinKnockout,Round Robin (Pool A),Akbar Khan & Ankush Chhabra,Kashyap Baranwal & Gaurav Rane,5-11,Kashyap Baranwal & Gaurav Rane,COMPLETED,
Open Men's Doubles,roundRobinKnockout,Round Robin (Pool A),Anuj Ranka & Gautam,Kashyap Baranwal & Gaurav Rane,0-11,Kashyap Baranwal & Gaurav Rane,COMPLETED,Walkover
Open Men's Doubles,roundRobinKnockout,Round Robin (Pool A),Anuj Ranka & Gautam,Akbar Khan & Ankush Chhabra,0-11,Akbar Khan & Ankush Chhabra,COMPLETED,Walkover
Open Men's Doubles,roundRobinKnockout,Round Robin (Pool B),Ananda Mandala & Aarav Mandal,Yash Gavhane & Aryan Sopal,11-0,Ananda Mandala & Aarav Mandal,COMPLETED,Walkover
Open Men's Doubles,roundRobinKnockout,Round Robin (Pool B),Ashwin Soni & Ashish Punjani,Ananda Mandala & Aarav Mandal,5-11,Ananda Mandala & Aarav Mandal,COMPLETED,
Open Men's Doubles,roundRobinKnockout,Round Robin (Pool B),Ashwin Soni & Ashish Punjani,Yash Gavhane & Aryan Sopal,11-0,Ashwin Soni & Ashish Punjani,COMPLETED,Walkover
Open Men's Doubles,roundRobinKnockout,Round Robin (Pool C),Arjun Motadoo & Pratik Tanna,Nabil Karbelkar & Usama Khan,11-7,Arjun Motadoo & Pratik Tanna,COMPLETED,
Open Men's Doubles,roundRobinKnockout,Round Robin (Pool C),Vivin Singh Rana & Arjun Kumar,Arjun Motadoo & Pratik Tanna,11-10,Vivin Singh Rana & Arjun Kumar,COMPLETED,
Open Men's Doubles,roundRobinKnockout,Round Robin (Pool C),Vivin Singh Rana & Arjun Kumar,Nabil Karbelkar & Usama Khan,11-5,Vivin Singh Rana & Arjun Kumar,COMPLETED,
Open Men's Doubles,roundRobinKnockout,Round Robin (Pool D),Akshat Gupta & Amit Goyal,Shreyas Rajaram & Aadya Parasnis,0-11,Shreyas Rajaram & Aadya Parasnis,COMPLETED,Walkover
Open Men's Doubles,roundRobinKnockout,Round Robin (Pool D),Pranav Ingole & Prathmesh Ingole,Shreyas Rajaram & Aadya Parasnis,6-11,Shreyas Rajaram & Aadya Parasnis,COMPLETED,
Open Men's Doubles,roundRobinKnockout,Round Robin (Pool D),Pranav Ingole & Prathmesh Ingole,Akshat Gupta & Amit Goyal,11-0,Pranav Ingole & Prathmesh Ingole,COMPLETED,Walkover
Open Men's Doubles,roundRobinKnockout,Round Robin (Pool E),Parth Vijayvargiya & Jay Agrawal,Yashovardhan Jibhkate & Jay Chandani,11-2,Parth Vijayvargiya & Jay Agrawal,COMPLETED,
Open Men's Doubles,roundRobinKnockout,Round Robin (Pool E),Parth Vijayvargiya & Jay Agrawal,Aadit Palresha & Aniket Shinde,11-4,Parth Vijayvargiya & Jay Agrawal,COMPLETED,
Open Men's Doubles,roundRobinKnockout,Round Robin (Pool E),Aadit Palresha & Aniket Shinde,Yashovardhan Jibhkate & Jay Chandani,11-9,Aadit Palresha & Aniket Shinde,COMPLETED,
Open Men's Doubles,roundRobinKnockout,Round Robin (Pool F),Ajay Chaudhari & Yash,Yash Gaikwad & Piyush Gaikwad,6-11,Yash Gaikwad & Piyush Gaikwad,COMPLETED,
Open Men's Doubles,roundRobinKnockout,Round Robin (Pool F),Santosh Gavai & Nikhil Soni,Yash Gaikwad & Piyush Gaikwad,6-11,Yash Gaikwad & Piyush Gaikwad,COMPLETED,
Open Men's Doubles,roundRobinKnockout,Round Robin (Pool F),Santosh Gavai & Nikhil Soni,Ajay Chaudhari & Yash,8-11,Ajay Chaudhari & Yash,COMPLETED,
Open Men's Doubles,roundRobinKnockout,Round Robin (Pool G),Akshaj Bhagat & Amaan Khan,Mayank Narang & Rahul Agrawal,3-11,Mayank Narang & Rahul Agrawal,COMPLETED,
Open Men's Doubles,roundRobinKnockout,Round Robin (Pool G),Nikhil Sanghvi & Mrigaen Kapadia,Mayank Narang & Rahul Agrawal,0-11,Mayank Narang & Rahul Agrawal,COMPLETED,Walkover
Open Men's Doubles,roundRobinKnockout,Round Robin (Pool G),Nikhil Sanghvi & Mrigaen Kapadia,Akshaj Bhagat & Amaan Khan,0-11,Akshaj Bhagat & Amaan Khan,COMPLETED,Walkover
Open Men's Doubles,roundRobinKnockout,Round Robin (Pool H),Kunal Bare & Aniket Durgawali,Tejas Gaikwad & Aarush Leekha,11-8,Kunal Bare & Aniket Durgawali,COMPLETED,
Open Men's Doubles,roundRobinKnockout,Round Robin (Pool H),Kunal Bare & Aniket Durgawali,Ajay Singh Rawat & Suyash Bamboriya,11-1,Kunal Bare & Aniket Durgawali,COMPLETED,
Open Men's Doubles,roundRobinKnockout,Round Robin (Pool H),Tejas Gaikwad & Aarush Leekha,Ajay Singh Rawat & Suyash Bamboriya,8-11,Ajay Singh Rawat & Suyash Bamboriya,COMPLETED,
Open Men's Doubles,roundRobinKnockout,Round of 16,Kashyap Baranwal & Gaurav Rane,Ajay Singh Rawat & Suyash Bamboriya,11-3,Kashyap Baranwal & Gaurav Rane,COMPLETED,
Open Men's Doubles,roundRobinKnockout,Round of 16,Ananda Mandala & Aarav Mandal,Akshaj Bhagat & Amaan Khan,11-2,Ananda Mandala & Aarav Mandal,COMPLETED,
Open Men's Doubles,roundRobinKnockout,Round of 16,Vivin Singh Rana & Arjun Kumar,Ajay Chaudhari & Yash,11-10,Vivin Singh Rana & Arjun Kumar,COMPLETED,
Open Men's Doubles,roundRobinKnockout,Round of 16,Shreyas Rajaram & Aadya Parasnis,Aadit Palresha & Aniket Shinde,11-3,Shreyas Rajaram & Aadya Parasnis,COMPLETED,
Open Men's Doubles,roundRobinKnockout,Round of 16,Parth Vijayvargiya & Jay Agrawal,Pranav Ingole & Prathmesh Ingole,11-7,Parth Vijayvargiya & Jay Agrawal,COMPLETED,
Open Men's Doubles,roundRobinKnockout,Round of 16,Yash Gaikwad & Piyush Gaikwad,Arjun Motadoo & Pratik Tanna,11-1,Yash Gaikwad & Piyush Gaikwad,COMPLETED,
Open Men's Doubles,roundRobinKnockout,Round of 16,Mayank Narang & Rahul Agrawal,Ashwin Soni & Ashish Punjani,11-0,Mayank Narang & Rahul Agrawal,COMPLETED,
Open Men's Doubles,roundRobinKnockout,Round of 16,Kunal Bare & Aniket Durgawali,Akbar Khan & Ankush Chhabra,11-2,Kunal Bare & Aniket Durgawali,COMPLETED,
Open Men's Doubles,roundRobinKnockout,Quarter Finals,Kashyap Baranwal & Gaurav Rane,Ananda Mandala & Aarav Mandal,11-2,Kashyap Baranwal & Gaurav Rane,COMPLETED,
Open Men's Doubles,roundRobinKnockout,Quarter Finals,Vivin Singh Rana & Arjun Kumar,Shreyas Rajaram & Aadya Parasnis,8-11,Shreyas Rajaram & Aadya Parasnis,COMPLETED,
Open Men's Doubles,roundRobinKnockout,Quarter Finals,Parth Vijayvargiya & Jay Agrawal,Yash Gaikwad & Piyush Gaikwad,11-7,Parth Vijayvargiya & Jay Agrawal,COMPLETED,
Open Men's Doubles,roundRobinKnockout,Quarter Finals,Mayank Narang & Rahul Agrawal,Kunal Bare & Aniket Durgawali,4-11,Kunal Bare & Aniket Durgawali,COMPLETED,
Open Men's Doubles,roundRobinKnockout,Semi Finals,Kashyap Baranwal & Gaurav Rane,Shreyas Rajaram & Aadya Parasnis,15-11,Kashyap Baranwal & Gaurav Rane,COMPLETED,
Open Men's Doubles,roundRobinKnockout,Semi Finals,Parth Vijayvargiya & Jay Agrawal,Kunal Bare & Aniket Durgawali,5-15,Kunal Bare & Aniket Durgawali,COMPLETED,
Open Men's Doubles,roundRobinKnockout,Finals,Kashyap Baranwal & Gaurav Rane,Kunal Bare & Aniket Durgawali,3-15,Kunal Bare & Aniket Durgawali,COMPLETED,
Open Women's Doubles,roundRobin,Round Robin (Pool A),Laishram Linda & Anshika Kanojia,Anuja Maheshwari & Vrushali Thakare,0-11,Anuja Maheshwari & Vrushali Thakare,COMPLETED,
Open Women's Doubles,roundRobin,Round Robin (Pool A),Jinisha & Arpana Choudhary,Anjali & Sakshi,11-10,Jinisha & Arpana Choudhary,COMPLETED,
Open Women's Doubles,roundRobin,Round Robin (Pool A),Laishram Linda & Anshika Kanojia,Jinisha & Arpana Choudhary,3-11,Jinisha & Arpana Choudhary,COMPLETED,
Open Women's Doubles,roundRobin,Round Robin (Pool A),Anuja Maheshwari & Vrushali Thakare,Anjali & Sakshi,11-7,Anuja Maheshwari & Vrushali Thakare,COMPLETED,
Open Women's Doubles,roundRobin,Round Robin (Pool A),Laishram Linda & Anshika Kanojia,Anjali & Sakshi,0-11,Anjali & Sakshi,COMPLETED,
Open Women's Doubles,roundRobin,Round Robin (Pool A),Anuja Maheshwari & Vrushali Thakare,Jinisha & Arpana Choudhary,11-3,Anuja Maheshwari & Vrushali Thakare,COMPLETED,
Open Mixed Doubles,roundRobinKnockout,Round Robin (Pool A),Vanshik Kapadia & Vrushali Thakare,Anjali & Gaurav Rane,11-9,Vanshik Kapadia & Vrushali Thakare,COMPLETED,
Open Mixed Doubles,roundRobinKnockout,Round Robin (Pool A),Shreyas Rajaram & Arpana Choudhary,Shauri Jain & Akshay Sachdev,11-1,Shreyas Rajaram & Arpana Choudhary,COMPLETED,
Open Mixed Doubles,roundRobinKnockout,Round Robin (Pool A),Vanshik Kapadia & Vrushali Thakare,Shreyas Rajaram & Arpana Choudhary,11-3,Vanshik Kapadia & Vrushali Thakare,COMPLETED,
Open Mixed Doubles,roundRobinKnockout,Round Robin (Pool A),Shauri Jain & Akshay Sachdev,Anjali & Gaurav Rane,9-11,Anjali & Gaurav Rane,COMPLETED,
Open Mixed Doubles,roundRobinKnockout,Round Robin (Pool A),Vanshik Kapadia & Vrushali Thakare,Shauri Jain & Akshay Sachdev,11-1,Vanshik Kapadia & Vrushali Thakare,COMPLETED,
Open Mixed Doubles,roundRobinKnockout,Round Robin (Pool A),Shreyas Rajaram & Arpana Choudhary,Anjali & Gaurav Rane,11-3,Shreyas Rajaram & Arpana Choudhary,COMPLETED,
Open Mixed Doubles,roundRobinKnockout,Round Robin (Pool B),Ajay Chaudhari & Anuja Maheshwari,Anshika Kanojia & Ajay Singh Rawat,11-2,Ajay Chaudhari & Anuja Maheshwari,COMPLETED,
Open Mixed Doubles,roundRobinKnockout,Round Robin (Pool B),Aniket Durgawali & Bhumika,Shrawani Deshmukh & Yash Gaikwad,11-8,Aniket Durgawali & Bhumika,COMPLETED,
Open Mixed Doubles,roundRobinKnockout,Round Robin (Pool B),Ajay Chaudhari & Anuja Maheshwari,Aniket Durgawali & Bhumika,,,READY,
Open Mixed Doubles,roundRobinKnockout,Round Robin (Pool B),Shrawani Deshmukh & Yash Gaikwad,Anshika Kanojia & Ajay Singh Rawat,11-0,Shrawani Deshmukh & Yash Gaikwad,COMPLETED,
Open Mixed Doubles,roundRobinKnockout,Round Robin (Pool B),Ajay Chaudhari & Anuja Maheshwari,Shrawani Deshmukh & Yash Gaikwad,11-9,Ajay Chaudhari & Anuja Maheshwari,COMPLETED,
Open Mixed Doubles,roundRobinKnockout,Round Robin (Pool B),Aniket Durgawali & Bhumika,Anshika Kanojia & Ajay Singh Rawat,11-3,Aniket Durgawali & Bhumika,COMPLETED,
Open Mixed Doubles,roundRobinKnockout,Semi Finals,Vanshik Kapadia & Vrushali Thakare,TBD,,,PENDING,
Open Mixed Doubles,roundRobinKnockout,Semi Finals,TBD,Shreyas Rajaram & Arpana Choudhary,,,PENDING,
35+ Men's Doubles,roundRobinKnockout,Round Robin (Pool A),Rohan Salvi & Prakah Vibhute,Yashodhan Deshmukh & Abhishek Sapre,11-6,Rohan Salvi & Prakah Vibhute,COMPLETED,
35+ Men's Doubles,roundRobinKnockout,Round Robin (Pool A),Sidharth & Atish Ganguly,Rohan Salvi & Prakah Vibhute,1-11,Rohan Salvi & Prakah Vibhute,COMPLETED,
35+ Men's Doubles,roundRobinKnockout,Round Robin (Pool A),Sidharth & Atish Ganguly,Yashodhan Deshmukh & Abhishek Sapre,1-11,Yashodhan Deshmukh & Abhishek Sapre,COMPLETED,
35+ Men's Doubles,roundRobinKnockout,Round Robin (Pool B),Mahesh Pardeshi & Mazhar Khan,Manoj Zalte & Durwas Kurkute,11-2,Mahesh Pardeshi & Mazhar Khan,COMPLETED,
35+ Men's Doubles,roundRobinKnockout,Round Robin (Pool B),Amol Birajdar & Sachin Kade,Mahesh Pardeshi & Mazhar Khan,6-11,Mahesh Pardeshi & Mazhar Khan,COMPLETED,
35+ Men's Doubles,roundRobinKnockout,Round Robin (Pool B),Amol Birajdar & Sachin Kade,Manoj Zalte & Durwas Kurkute,11-1,Amol Birajdar & Sachin Kade,COMPLETED,
35+ Men's Doubles,roundRobinKnockout,Round Robin (Pool C),Prateek Gupta & Mandar Bhide,Niraj & Ripudaman,5-11,Niraj & Ripudaman,COMPLETED,
35+ Men's Doubles,roundRobinKnockout,Round Robin (Pool C),Vaibhav Wavade & Nikhil Soni,Niraj & Ripudaman,9-11,Niraj & Ripudaman,COMPLETED,
35+ Men's Doubles,roundRobinKnockout,Round Robin (Pool C),Vaibhav Wavade & Nikhil Soni,Prateek Gupta & Mandar Bhide,11-6,Vaibhav Wavade & Nikhil Soni,COMPLETED,
35+ Men's Doubles,roundRobinKnockout,Round Robin (Pool D),Akshay Sachdev & Pratik Tanna,Rahul Agrawal & Mayank Narang,3-11,Rahul Agrawal & Mayank Narang,COMPLETED,
35+ Men's Doubles,roundRobinKnockout,Round Robin (Pool D),Akshat Gupta & Amit Goyal,Rahul Agrawal & Mayank Narang,0-11,Rahul Agrawal & Mayank Narang,COMPLETED,Walkover
35+ Men's Doubles,roundRobinKnockout,Round Robin (Pool D),Akshat Gupta & Amit Goyal,Akshay Sachdev & Pratik Tanna,0-11,Akshay Sachdev & Pratik Tanna,COMPLETED,Walkover
35+ Men's Doubles,roundRobinKnockout,Round Robin (Pool E),Vishal Seth & Arjun Motadoo,Suryabhan Shinde & Ananda Mandala,11-5,Vishal Seth & Arjun Motadoo,COMPLETED,
35+ Men's Doubles,roundRobinKnockout,Round Robin (Pool E),Yashovardhan Jibhkate & Wafi Khan,Suryabhan Shinde & Ananda Mandala,4-11,Suryabhan Shinde & Ananda Mandala,COMPLETED,
35+ Men's Doubles,roundRobinKnockout,Round Robin (Pool E),Yashovardhan Jibhkate & Wafi Khan,Vishal Seth & Arjun Motadoo,5-11,Vishal Seth & Arjun Motadoo,COMPLETED,
35+ Men's Doubles,roundRobinKnockout,Round Robin (Pool F),Anuj Ranka & Anand Kataria,Mayur Bagad & Samir Mansuri,11-2,Anuj Ranka & Anand Kataria,COMPLETED,
35+ Men's Doubles,roundRobinKnockout,Round Robin (Pool F),Yogesh Kale & Balwant Salunke,Anuj Ranka & Anand Kataria,4-11,Anuj Ranka & Anand Kataria,COMPLETED,
35+ Men's Doubles,roundRobinKnockout,Round Robin (Pool F),Yogesh Kale & Balwant Salunke,Mayur Bagad & Samir Mansuri,11-8,Yogesh Kale & Balwant Salunke,COMPLETED,
35+ Men's Doubles,roundRobinKnockout,Round Robin (Pool G),Abhishek Malpani & Akbar Khan,Sandeep Kurhade & Abhishek Chavan,11-9,Abhishek Malpani & Akbar Khan,COMPLETED,
35+ Men's Doubles,roundRobinKnockout,Round Robin (Pool G),Sanket & Pinakin,Sandeep Kurhade & Abhishek Chavan,5-11,Sandeep Kurhade & Abhishek Chavan,COMPLETED,
35+ Men's Doubles,roundRobinKnockout,Round Robin (Pool G),Sanket & Pinakin,Abhishek Malpani & Akbar Khan,8-11,Abhishek Malpani & Akbar Khan,COMPLETED,
35+ Men's Doubles,roundRobinKnockout,Round Robin (Pool H),Sidharth Wagle & Rohan Dsouza,Abhijit Kelkar & Sandeep Tawde,5-11,Abhijit Kelkar & Sandeep Tawde,COMPLETED,
35+ Men's Doubles,roundRobinKnockout,Round Robin (Pool H),Sidharth Wagle & Rohan Dsouza,Hozaifa Hakim & Abizer N,11-1,Sidharth Wagle & Rohan Dsouza,COMPLETED,
35+ Men's Doubles,roundRobinKnockout,Round Robin (Pool H),Hozaifa Hakim & Abizer N,Abhijit Kelkar & Sandeep Tawde,1-11,Abhijit Kelkar & Sandeep Tawde,COMPLETED,
35+ Men's Doubles,roundRobinKnockout,Round of 16,Rohan Salvi & Prakah Vibhute,Sidharth Wagle & Rohan Dsouza,11-0,Rohan Salvi & Prakah Vibhute,COMPLETED,
35+ Men's Doubles,roundRobinKnockout,Round of 16,Mahesh Pardeshi & Mazhar Khan,Sandeep Kurhade & Abhishek Chavan,10-11,Sandeep Kurhade & Abhishek Chavan,COMPLETED,
35+ Men's Doubles,roundRobinKnockout,Round of 16,Niraj & Ripudaman,Yogesh Kale & Balwant Salunke,11-1,Niraj & Ripudaman,COMPLETED,
35+ Men's Doubles,roundRobinKnockout,Round of 16,Rahul Agrawal & Mayank Narang,Suryabhan Shinde & Ananda Mandala,9-11,Suryabhan Shinde & Ananda Mandala,COMPLETED,
35+ Men's Doubles,roundRobinKnockout,Round of 16,Vishal Seth & Arjun Motadoo,Akshay Sachdev & Pratik Tanna,11-8,Vishal Seth & Arjun Motadoo,COMPLETED,
35+ Men's Doubles,roundRobinKnockout,Round of 16,Anuj Ranka & Anand Kataria,Vaibhav Wavade & Nikhil Soni,9-11,Vaibhav Wavade & Nikhil Soni,COMPLETED,
35+ Men's Doubles,roundRobinKnockout,Round of 16,Abhishek Malpani & Akbar Khan,Amol Birajdar & Sachin Kade,11-5,Abhishek Malpani & Akbar Khan,COMPLETED,
35+ Men's Doubles,roundRobinKnockout,Round of 16,Abhijit Kelkar & Sandeep Tawde,Yashodhan Deshmukh & Abhishek Sapre,11-2,Abhijit Kelkar & Sandeep Tawde,COMPLETED,
35+ Men's Doubles,roundRobinKnockout,Quarter Finals,Rohan Salvi & Prakah Vibhute,Sandeep Kurhade & Abhishek Chavan,11-3,Rohan Salvi & Prakah Vibhute,COMPLETED,
35+ Men's Doubles,roundRobinKnockout,Quarter Finals,Niraj & Ripudaman,Suryabhan Shinde & Ananda Mandala,11-9,Niraj & Ripudaman,COMPLETED,
35+ Men's Doubles,roundRobinKnockout,Quarter Finals,Vishal Seth & Arjun Motadoo,Vaibhav Wavade & Nikhil Soni,11-9,Vishal Seth & Arjun Motadoo,COMPLETED,
35+ Men's Doubles,roundRobinKnockout,Quarter Finals,Abhishek Malpani & Akbar Khan,Abhijit Kelkar & Sandeep Tawde,2-11,Abhijit Kelkar & Sandeep Tawde,COMPLETED,
35+ Men's Doubles,roundRobinKnockout,Semi Finals,Rohan Salvi & Prakah Vibhute,Niraj & Ripudaman,11-8,Rohan Salvi & Prakah Vibhute,COMPLETED,
35+ Men's Doubles,roundRobinKnockout,Semi Finals,Vishal Seth & Arjun Motadoo,Abhijit Kelkar & Sandeep Tawde,2-11,Abhijit Kelkar & Sandeep Tawde,COMPLETED,
35+ Men's Doubles,roundRobinKnockout,Finals,Rohan Salvi & Prakah Vibhute,Abhijit Kelkar & Sandeep Tawde,15-9,Rohan Salvi & Prakah Vibhute,COMPLETED,
35+ Mixed Doubles,roundRobinKnockout,Round Robin (Pool A),Gayatri Mewada & Chakradhar,Babita Saini & Srijith Shivan,4-11,Babita Saini & Srijith Shivan,COMPLETED,
35+ Mixed Doubles,roundRobinKnockout,Round Robin (Pool A),Aarti Pandey & Nayan Mali,Babita Saini & Srijith Shivan,0-11,Babita Saini & Srijith Shivan,COMPLETED,
35+ Mixed Doubles,roundRobinKnockout,Round Robin (Pool A),Aarti Pandey & Nayan Mali,Gayatri Mewada & Chakradhar,8-11,Gayatri Mewada & Chakradhar,COMPLETED,
35+ Mixed Doubles,roundRobinKnockout,Round Robin (Pool B),Akshay Sachdev & Sujata Gupta,Ananda Mandala & Nidhi Saxena,,,READY,
35+ Mixed Doubles,roundRobinKnockout,Round Robin (Pool B),Sheetal Veer & Vishal Barde,Ananda Mandala & Nidhi Saxena,,,READY,
35+ Mixed Doubles,roundRobinKnockout,Round Robin (Pool B),Sheetal Veer & Vishal Barde,Akshay Sachdev & Sujata Gupta,2-11,Akshay Sachdev & Sujata Gupta,COMPLETED,
35+ Mixed Doubles,roundRobinKnockout,Semi Finals,Babita Saini & Srijith Shivan,TBD,,,PENDING,
35+ Mixed Doubles,roundRobinKnockout,Semi Finals,TBD,Gayatri Mewada & Chakradhar,,,PENDING,
Beginner/Intermediate Men's Doubles,roundRobinKnockout,Round Robin (Pool A),Suryabhan Shinde & Venkatesh Acharya,Jay Chandani & Yash Mitkari,11-1,Suryabhan Shinde & Venkatesh Acharya,COMPLETED,
Beginner/Intermediate Men's Doubles,roundRobinKnockout,Round Robin (Pool A),Nakshtra Shingi & Tanish Chhallani,Rajat Parmar & Atharva Agarwal,0-11,Rajat Parmar & Atharva Agarwal,COMPLETED,Walkover
Beginner/Intermediate Men's Doubles,roundRobinKnockout,Round Robin (Pool A),Suryabhan Shinde & Venkatesh Acharya,Nakshtra Shingi & Tanish Chhallani,11-0,Suryabhan Shinde & Venkatesh Acharya,COMPLETED,Walkover
Beginner/Intermediate Men's Doubles,roundRobinKnockout,Round Robin (Pool A),Jay Chandani & Yash Mitkari,Rajat Parmar & Atharva Agarwal,11-1,Jay Chandani & Yash Mitkari,COMPLETED,
Beginner/Intermediate Men's Doubles,roundRobinKnockout,Round Robin (Pool A),Suryabhan Shinde & Venkatesh Acharya,Rajat Parmar & Atharva Agarwal,11-0,Suryabhan Shinde & Venkatesh Acharya,COMPLETED,
Beginner/Intermediate Men's Doubles,roundRobinKnockout,Round Robin (Pool A),Jay Chandani & Yash Mitkari,Nakshtra Shingi & Tanish Chhallani,11-0,Jay Chandani & Yash Mitkari,COMPLETED,Walkover
Beginner/Intermediate Men's Doubles,roundRobinKnockout,Round Robin (Pool B),Mandar Bhide & Aditya Netke,Rahul Agrawal & Yash Sharma,8-11,Rahul Agrawal & Yash Sharma,COMPLETED,
Beginner/Intermediate Men's Doubles,roundRobinKnockout,Round Robin (Pool B),Mandar Bhide & Aditya Netke,Mayank Ganeriwala & Viraj Seth,11-4,Mandar Bhide & Aditya Netke,COMPLETED,
Beginner/Intermediate Men's Doubles,roundRobinKnockout,Round Robin (Pool B),Rahul Agrawal & Yash Sharma,Mayank Ganeriwala & Viraj Seth,11-4,Rahul Agrawal & Yash Sharma,COMPLETED,
Beginner/Intermediate Men's Doubles,roundRobinKnockout,Round Robin (Pool C),Aarav Mandal & Aadit Palresha,Ankush Chhabra & Abhishek Malpani,11-3,Aarav Mandal & Aadit Palresha,COMPLETED,
Beginner/Intermediate Men's Doubles,roundRobinKnockout,Round Robin (Pool C),Aarav Mandal & Aadit Palresha,Yugal Patil & Aakash Jain,11-5,Aarav Mandal & Aadit Palresha,COMPLETED,
Beginner/Intermediate Men's Doubles,roundRobinKnockout,Round Robin (Pool C),Ankush Chhabra & Abhishek Malpani,Yugal Patil & Aakash Jain,11-3,Ankush Chhabra & Abhishek Malpani,COMPLETED,
Beginner/Intermediate Men's Doubles,roundRobinKnockout,Round Robin (Pool D),Ramit Desai & Karan Rakshe,Mehul Jain & Suchisattam Saran,11-2,Ramit Desai & Karan Rakshe,COMPLETED,
Beginner/Intermediate Men's Doubles,roundRobinKnockout,Round Robin (Pool D),Sanket & Shreyas Ranade,Rohit Tiwari & Suraj Bokade,11-8,Sanket & Shreyas Ranade,COMPLETED,
Beginner/Intermediate Men's Doubles,roundRobinKnockout,Round Robin (Pool D),Ramit Desai & Karan Rakshe,Sanket & Shreyas Ranade,11-7,Ramit Desai & Karan Rakshe,COMPLETED,
Beginner/Intermediate Men's Doubles,roundRobinKnockout,Round Robin (Pool D),Mehul Jain & Suchisattam Saran,Rohit Tiwari & Suraj Bokade,11-4,Mehul Jain & Suchisattam Saran,COMPLETED,
Beginner/Intermediate Men's Doubles,roundRobinKnockout,Round Robin (Pool D),Ramit Desai & Karan Rakshe,Rohit Tiwari & Suraj Bokade,0-11,Rohit Tiwari & Suraj Bokade,COMPLETED,
Beginner/Intermediate Men's Doubles,roundRobinKnockout,Round Robin (Pool D),Mehul Jain & Suchisattam Saran,Sanket & Shreyas Ranade,11-4,Mehul Jain & Suchisattam Saran,COMPLETED,
Beginner/Intermediate Men's Doubles,roundRobinKnockout,Round Robin (Pool E),Yashraj Doke & Kartik Kanchan,Mayur Bagad & Sashikant Singh,10-11,Mayur Bagad & Sashikant Singh,COMPLETED,
Beginner/Intermediate Men's Doubles,roundRobinKnockout,Round Robin (Pool E),Akshay Sachdev & Aditya Bhandari,Mayur Bagad & Sashikant Singh,11-7,Akshay Sachdev & Aditya Bhandari,COMPLETED,
Beginner/Intermediate Men's Doubles,roundRobinKnockout,Round Robin (Pool E),Akshay Sachdev & Aditya Bhandari,Yashraj Doke & Kartik Kanchan,11-1,Akshay Sachdev & Aditya Bhandari,COMPLETED,
Beginner/Intermediate Men's Doubles,roundRobinKnockout,Round Robin (Pool F),Akbar Khan & Amaan Khan,Hozaifa Hakim & Herob Aga,11-2,Akbar Khan & Amaan Khan,COMPLETED,
Beginner/Intermediate Men's Doubles,roundRobinKnockout,Round Robin (Pool F),Divyanshu & Ansh Goyal,Hozaifa Hakim & Herob Aga,11-2,Divyanshu & Ansh Goyal,COMPLETED,
Beginner/Intermediate Men's Doubles,roundRobinKnockout,Round Robin (Pool F),Divyanshu & Ansh Goyal,Akbar Khan & Amaan Khan,11-9,Divyanshu & Ansh Goyal,COMPLETED,
Beginner/Intermediate Men's Doubles,roundRobinKnockout,Round Robin (Pool G),Shishir Lanke & Rohan Devdhar,Parag Khaladkar & Vishal Barde,11-7,Shishir Lanke & Rohan Devdhar,COMPLETED,
Beginner/Intermediate Men's Doubles,roundRobinKnockout,Round Robin (Pool G),Shishir Lanke & Rohan Devdhar,Laksh Khillare & Dhanush Thakur,11-3,Shishir Lanke & Rohan Devdhar,COMPLETED,
Beginner/Intermediate Men's Doubles,roundRobinKnockout,Round Robin (Pool G),Parag Khaladkar & Vishal Barde,Laksh Khillare & Dhanush Thakur,11-10,Parag Khaladkar & Vishal Barde,COMPLETED,
Beginner/Intermediate Men's Doubles,roundRobinKnockout,Round Robin (Pool H),Kartik Swami & Saheb Singh,Nikhil Soni & Vaibhav Wavade,10-11,Nikhil Soni & Vaibhav Wavade,COMPLETED,
Beginner/Intermediate Men's Doubles,roundRobinKnockout,Round Robin (Pool H),Nikhil Sanghvi & Mrigaen Kapadia,Nikhil Soni & Vaibhav Wavade,4-11,Nikhil Soni & Vaibhav Wavade,COMPLETED,
Beginner/Intermediate Men's Doubles,roundRobinKnockout,Round Robin (Pool H),Nikhil Sanghvi & Mrigaen Kapadia,Kartik Swami & Saheb Singh,2-11,Kartik Swami & Saheb Singh,COMPLETED,
Beginner/Intermediate Men's Doubles,roundRobinKnockout,Round of 16,Suryabhan Shinde & Venkatesh Acharya,Kartik Swami & Saheb Singh,11-4,Suryabhan Shinde & Venkatesh Acharya,COMPLETED,
Beginner/Intermediate Men's Doubles,roundRobinKnockout,Round of 16,Rahul Agrawal & Yash Sharma,Parag Khaladkar & Vishal Barde,11-6,Rahul Agrawal & Yash Sharma,COMPLETED,
Beginner/Intermediate Men's Doubles,roundRobinKnockout,Round of 16,Aarav Mandal & Aadit Palresha,Akbar Khan & Amaan Khan,11-2,Aarav Mandal & Aadit Palresha,COMPLETED,
Beginner/Intermediate Men's Doubles,roundRobinKnockout,Round of 16,Mehul Jain & Suchisattam Saran,Mayur Bagad & Sashikant Singh,8-11,Mayur Bagad & Sashikant Singh,COMPLETED,
Beginner/Intermediate Men's Doubles,roundRobinKnockout,Round of 16,Akshay Sachdev & Aditya Bhandari,Ramit Desai & Karan Rakshe,9-11,Ramit Desai & Karan Rakshe,COMPLETED,
Beginner/Intermediate Men's Doubles,roundRobinKnockout,Round of 16,Divyanshu & Ansh Goyal,Ankush Chhabra & Abhishek Malpani,6-11,Ankush Chhabra & Abhishek Malpani,COMPLETED,
Beginner/Intermediate Men's Doubles,roundRobinKnockout,Round of 16,Shishir Lanke & Rohan Devdhar,Mandar Bhide & Aditya Netke,10-11,Mandar Bhide & Aditya Netke,COMPLETED,
Beginner/Intermediate Men's Doubles,roundRobinKnockout,Round of 16,Nikhil Soni & Vaibhav Wavade,Jay Chandani & Yash Mitkari,11-8,Nikhil Soni & Vaibhav Wavade,COMPLETED,
Beginner/Intermediate Men's Doubles,roundRobinKnockout,Quarter Finals,Suryabhan Shinde & Venkatesh Acharya,Rahul Agrawal & Yash Sharma,9-11,Rahul Agrawal & Yash Sharma,COMPLETED,
Beginner/Intermediate Men's Doubles,roundRobinKnockout,Quarter Finals,Aarav Mandal & Aadit Palresha,Mayur Bagad & Sashikant Singh,11-6,Aarav Mandal & Aadit Palresha,COMPLETED,
Beginner/Intermediate Men's Doubles,roundRobinKnockout,Quarter Finals,Ramit Desai & Karan Rakshe,Ankush Chhabra & Abhishek Malpani,11-2,Ramit Desai & Karan Rakshe,COMPLETED,
Beginner/Intermediate Men's Doubles,roundRobinKnockout,Quarter Finals,Mandar Bhide & Aditya Netke,Nikhil Soni & Vaibhav Wavade,9-11,Nikhil Soni & Vaibhav Wavade,COMPLETED,
Beginner/Intermediate Men's Doubles,roundRobinKnockout,Semi Finals,Rahul Agrawal & Yash Sharma,Aarav Mandal & Aadit Palresha,7-11,Aarav Mandal & Aadit Palresha,COMPLETED,
Beginner/Intermediate Men's Doubles,roundRobinKnockout,Semi Finals,Ramit Desai & Karan Rakshe,Nikhil Soni & Vaibhav Wavade,3-11,Nikhil Soni & Vaibhav Wavade,COMPLETED,
Beginner/Intermediate Men's Doubles,roundRobinKnockout,Finals,Aarav Mandal & Aadit Palresha,Nikhil Soni & Vaibhav Wavade,,,READY,
Beginner/Intermediate Women's Doubles,roundRobinKnockout,Round Robin (Pool A),Sasha Salvi & Sanchi Khillare,Shauri Jain & Aarti Pandey,3-11,Shauri Jain & Aarti Pandey,COMPLETED,
Beginner/Intermediate Women's Doubles,roundRobinKnockout,Round Robin (Pool A),Sasha Salvi & Sanchi Khillare,Kalash & Nikita,9-11,Kalash & Nikita,COMPLETED,
Beginner/Intermediate Women's Doubles,roundRobinKnockout,Round Robin (Pool A),Kalash & Nikita,Shauri Jain & Aarti Pandey,9-11,Shauri Jain & Aarti Pandey,COMPLETED,
Beginner/Intermediate Women's Doubles,roundRobinKnockout,Round Robin (Pool B),Aparna Amnerkar & Manasi Narade,Kanak & Aishwarya,10-11,Kanak & Aishwarya,COMPLETED,
Beginner/Intermediate Women's Doubles,roundRobinKnockout,Round Robin (Pool B),Aparna Amnerkar & Manasi Narade,Sakhi Sinha & Keya Shahani,4-11,Sakhi Sinha & Keya Shahani,COMPLETED,
Beginner/Intermediate Women's Doubles,roundRobinKnockout,Round Robin (Pool B),Sakhi Sinha & Keya Shahani,Kanak & Aishwarya,11-10,Sakhi Sinha & Keya Shahani,COMPLETED,
Beginner/Intermediate Women's Doubles,roundRobinKnockout,Semi Finals,Shauri Jain & Aarti Pandey,Kanak & Aishwarya,11-4,Shauri Jain & Aarti Pandey,COMPLETED,
Beginner/Intermediate Women's Doubles,roundRobinKnockout,Semi Finals,Sakhi Sinha & Keya Shahani,Kalash & Nikita,10-11,Kalash & Nikita,COMPLETED,
Beginner/Intermediate Women's Doubles,roundRobinKnockout,Finals,Shauri Jain & Aarti Pandey,Kalash & Nikita,15-4,Shauri Jain & Aarti Pandey,COMPLETED,
Beginner/Intermediate Mixed Doubles,roundRobinKnockout,Round Robin (Pool A),Aarav Mandal & Sarrah Hakim,Aarti Pandey & Nayan Mali,11-9,Aarav Mandal & Sarrah Hakim,COMPLETED,
Beginner/Intermediate Mixed Doubles,roundRobinKnockout,Round Robin (Pool A),Aarav Mandal & Sarrah Hakim,Suchisattam Saran & Aparna Amnerkar,11-4,Aarav Mandal & Sarrah Hakim,COMPLETED,
Beginner/Intermediate Mixed Doubles,roundRobinKnockout,Round Robin (Pool A),Aarti Pandey & Nayan Mali,Suchisattam Saran & Aparna Amnerkar,5-11,Suchisattam Saran & Aparna Amnerkar,COMPLETED,
Beginner/Intermediate Mixed Doubles,roundRobinKnockout,Round Robin (Pool B),Sakhi Sinha & Yashovardhan Jibhkate,Dhanush Thakur & Sasha Salvi,7-11,Dhanush Thakur & Sasha Salvi,COMPLETED,
Beginner/Intermediate Mixed Doubles,roundRobinKnockout,Round Robin (Pool B),Sakhi Sinha & Yashovardhan Jibhkate,Nikita & Harsh,11-4,Sakhi Sinha & Yashovardhan Jibhkate,COMPLETED,
Beginner/Intermediate Mixed Doubles,roundRobinKnockout,Round Robin (Pool B),Nikita & Harsh,Dhanush Thakur & Sasha Salvi,0-11,Dhanush Thakur & Sasha Salvi,COMPLETED,
Beginner/Intermediate Mixed Doubles,roundRobinKnockout,Round Robin (Pool C),Anshika Kanojia & Yash Sharma,Demeera Gupta & Abhishek Malpani,11-5,Anshika Kanojia & Yash Sharma,COMPLETED,
Beginner/Intermediate Mixed Doubles,roundRobinKnockout,Round Robin (Pool C),Anshika Kanojia & Yash Sharma,Sashikant Singh & Manasi Narade,,,READY,
Beginner/Intermediate Mixed Doubles,roundRobinKnockout,Round Robin (Pool C),Sashikant Singh & Manasi Narade,Demeera Gupta & Abhishek Malpani,11-3,Sashikant Singh & Manasi Narade,COMPLETED,
Beginner/Intermediate Mixed Doubles,roundRobinKnockout,Round Robin (Pool D),Keya Shahani & Herob Aga,Hozaifa Hakim & Asha Eapen,7-11,Hozaifa Hakim & Asha Eapen,COMPLETED,
Beginner/Intermediate Mixed Doubles,roundRobinKnockout,Round Robin (Pool D),Aishwarya & Bhushan Baviskar,Keya Shahani & Herob Aga,11-8,Aishwarya & Bhushan Baviskar,COMPLETED,
Beginner/Intermediate Mixed Doubles,roundRobinKnockout,Round Robin (Pool D),Aishwarya & Bhushan Baviskar,Hozaifa Hakim & Asha Eapen,11-8,Aishwarya & Bhushan Baviskar,COMPLETED,
Beginner/Intermediate Mixed Doubles,roundRobinKnockout,Round Robin (Pool E),Shauri Jain & Akshay Sachdev,Sheetal Veer & Sachin Kade,11-7,Shauri Jain & Akshay Sachdev,COMPLETED,
Beginner/Intermediate Mixed Doubles,roundRobinKnockout,Round Robin (Pool E),Shauri Jain & Akshay Sachdev,Richa Bhansali & Rajat Parmar,11-3,Shauri Jain & Akshay Sachdev,COMPLETED,
Beginner/Intermediate Mixed Doubles,roundRobinKnockout,Round Robin (Pool E),Sheetal Veer & Sachin Kade,Richa Bhansali & Rajat Parmar,5-11,Richa Bhansali & Rajat Parmar,COMPLETED,
Beginner/Intermediate Mixed Doubles,roundRobinKnockout,Round Robin (Pool F),Rahi Gujar & Aditya Bhandari,Srijith Shivan & Babita Saini,6-11,Srijith Shivan & Babita Saini,COMPLETED,
Beginner/Intermediate Mixed Doubles,roundRobinKnockout,Round Robin (Pool F),Rahi Gujar & Aditya Bhandari,Sanchi Khillare & Laksh Khillare,5-11,Sanchi Khillare & Laksh Khillare,COMPLETED,
Beginner/Intermediate Mixed Doubles,roundRobinKnockout,Round Robin (Pool F),Srijith Shivan & Babita Saini,Sanchi Khillare & Laksh Khillare,7-11,Sanchi Khillare & Laksh Khillare,COMPLETED,
Beginner/Intermediate Mixed Doubles,roundRobinKnockout,Round Robin (Pool G),Shishir Lanke & Rashmi Kulkarni,Kashish & Aakash Jain,11-10,Shishir Lanke & Rashmi Kulkarni,COMPLETED,
Beginner/Intermediate Mixed Doubles,roundRobinKnockout,Round Robin (Pool G),Shishir Lanke & Rashmi Kulkarni,Aarna & Darshan Gupta,11-0,Shishir Lanke & Rashmi Kulkarni,COMPLETED,
Beginner/Intermediate Mixed Doubles,roundRobinKnockout,Round Robin (Pool G),Kashish & Aakash Jain,Aarna & Darshan Gupta,11-2,Kashish & Aakash Jain,COMPLETED,
Beginner/Intermediate Mixed Doubles,roundRobinKnockout,Round Robin (Pool H),Mahima Bharsawde & Ramit Desai,Navya Bhise & Navya Bhise,11-1,Mahima Bharsawde & Ramit Desai,COMPLETED,
Beginner/Intermediate Mixed Doubles,roundRobinKnockout,Round Robin (Pool H),Mahima Bharsawde & Ramit Desai,Sonal Shirsat & Shreyas Ranade,11-1,Mahima Bharsawde & Ramit Desai,COMPLETED,
Beginner/Intermediate Mixed Doubles,roundRobinKnockout,Round Robin (Pool H),Navya Bhise & Navya Bhise,Sonal Shirsat & Shreyas Ranade,11-2,Navya Bhise & Navya Bhise,COMPLETED,
Beginner/Intermediate Mixed Doubles,roundRobinKnockout,Round of 16,Aarav Mandal & Sarrah Hakim,Navya Bhise & Navya Bhise,,,READY,
Beginner/Intermediate Mixed Doubles,roundRobinKnockout,Round of 16,Dhanush Thakur & Sasha Salvi,Kashish & Aakash Jain,11-1,Dhanush Thakur & Sasha Salvi,COMPLETED,
Beginner/Intermediate Mixed Doubles,roundRobinKnockout,Round of 16,TBD,Srijith Shivan & Babita Saini,,,PENDING,
Beginner/Intermediate Mixed Doubles,roundRobinKnockout,Round of 16,Aishwarya & Bhushan Baviskar,Richa Bhansali & Rajat Parmar,,,READY,
Beginner/Intermediate Mixed Doubles,roundRobinKnockout,Round of 16,Shauri Jain & Akshay Sachdev,Hozaifa Hakim & Asha Eapen,,,READY,
Beginner/Intermediate Mixed Doubles,roundRobinKnockout,Round of 16,Sanchi Khillare & Laksh Khillare,TBD,,,PENDING,
Beginner/Intermediate Mixed Doubles,roundRobinKnockout,Round of 16,Shishir Lanke & Rashmi Kulkarni,Sakhi Sinha & Yashovardhan Jibhkate,,,IN_PROGRESS,
Beginner/Intermediate Mixed Doubles,roundRobinKnockout,Round of 16,Mahima Bharsawde & Ramit Desai,Suchisattam Saran & Aparna Amnerkar,,,READY,
Beginner/Intermediate Mixed Doubles,roundRobinKnockout,Quarter Finals,TBD,Dhanush Thakur & Sasha Salvi,,,PENDING,
35+ Women's Doubles,roundRobin,Round Robin (Pool A),Gayatri Mewada & Neelima Utgikar,Sujata Gupta & Sakhi Sinha,11-6,Gayatri Mewada & Neelima Utgikar,COMPLETED,
35+ Women's Doubles,roundRobin,Round Robin (Pool A),Aarti Pandey & Chaitali Chandan,Sheetal Lamba & Nidhi Saxena,4-11,Sheetal Lamba & Nidhi Saxena,COMPLETED,
35+ Women's Doubles,roundRobin,Round Robin (Pool A),Gayatri Mewada & Neelima Utgikar,Aarti Pandey & Chaitali Chandan,11-3,Gayatri Mewada & Neelima Utgikar,COMPLETED,
35+ Women's Doubles,roundRobin,Round Robin (Pool A),Sujata Gupta & Sakhi Sinha,Sheetal Lamba & Nidhi Saxena,6-11,Sheetal Lamba & Nidhi Saxena,COMPLETED,
35+ Women's Doubles,roundRobin,Round Robin (Pool A),Gayatri Mewada & Neelima Utgikar,Sheetal Lamba & Nidhi Saxena,11-5,Gayatri Mewada & Neelima Utgikar,COMPLETED,
35+ Women's Doubles,roundRobin,Round Robin (Pool A),Sujata Gupta & Sakhi Sinha,Aarti Pandey & Chaitali Chandan,5-11,Aarti Pandey & Chaitali Chandan,COMPLETED,
